{
    "LogisticRegression": {
        "scores": [
            0.7647058823529411,
            0.8137254901960784,
            0.7450980392156863,
            0.7722772277227723,
            0.8316831683168316
        ],
        "average_accuracy": 0.7854979615608618
    },
    "RandomForest": {
        "scores": [
            0.7254901960784313,
            0.8137254901960784,
            0.7156862745098039,
            0.7920792079207921,
            0.801980198019802
        ],
        "average_accuracy": 0.7697922733449815
    },
    "GradientBoosting": {
        "scores": [
            0.7549019607843137,
            0.8235294117647058,
            0.6666666666666666,
            0.7623762376237624,
            0.7920792079207921
        ],
        "average_accuracy": 0.759910696952048
    },
    "SVM": {
        "scores": [
            0.7156862745098039,
            0.7843137254901961,
            0.7352941176470589,
            0.7920792079207921,
            0.8217821782178217
        ],
        "average_accuracy": 0.7698311007571345
    },
    "best_tuned_model": "SVM",
    "test_evaluation": {
        "classification_report": {
            "0.0": {
                "precision": 0.7904761904761904,
                "recall": 0.9431818181818182,
                "f1-score": 0.8601036269430051,
                "support": 88.0
            },
            "1.0": {
                "precision": 0.782608695652174,
                "recall": 0.45,
                "f1-score": 0.5714285714285714,
                "support": 40.0
            },
            "accuracy": 0.7890625,
            "macro avg": {
                "precision": 0.7865424430641822,
                "recall": 0.6965909090909091,
                "f1-score": 0.7157660991857883,
                "support": 128.0
            },
            "weighted avg": {
                "precision": 0.7880175983436852,
                "recall": 0.7890625,
                "f1-score": 0.7698926720947445,
                "support": 128.0
            }
        },
        "confusion_matrix": [
            [
                83,
                5
            ],
            [
                22,
                18
            ]
        ],
        "roc_auc_score": 0.8088068181818182
    }
}