{
    "LogisticRegression": {
        "scores": [
            0.8378378378378378,
            0.8648648648648649,
            0.7777777777777778,
            0.7777777777777778,
            0.9166666666666666
        ],
        "average_accuracy": 0.834984984984985
    },
    "RandomForest": {
        "scores": [
            0.8648648648648649,
            0.8648648648648649,
            0.8055555555555556,
            0.7777777777777778,
            0.8333333333333334
        ],
        "average_accuracy": 0.8292792792792791
    },
    "GradientBoosting": {
        "scores": [
            0.8918918918918919,
            0.7567567567567568,
            0.8055555555555556,
            0.7222222222222222,
            0.8333333333333334
        ],
        "average_accuracy": 0.801951951951952
    },
    "SVM": {
        "scores": [
            0.8378378378378378,
            0.8378378378378378,
            0.8055555555555556,
            0.6944444444444444,
            0.8611111111111112
        ],
        "average_accuracy": 0.8073573573573573
    },
    "best_tuned_model": "LogisticRegression",
    "test_evaluation": {
        "classification_report": {
            "0.0": {
                "precision": 0.8235294117647058,
                "recall": 0.7368421052631579,
                "f1-score": 0.7777777777777778,
                "support": 19.0
            },
            "1.0": {
                "precision": 0.8275862068965517,
                "recall": 0.8888888888888888,
                "f1-score": 0.8571428571428571,
                "support": 27.0
            },
            "accuracy": 0.8260869565217391,
            "macro avg": {
                "precision": 0.8255578093306288,
                "recall": 0.8128654970760234,
                "f1-score": 0.8174603174603174,
                "support": 46.0
            },
            "weighted avg": {
                "precision": 0.8259105741247024,
                "recall": 0.8260869565217391,
                "f1-score": 0.8243616287094548,
                "support": 46.0
            }
        },
        "confusion_matrix": [
            [
                14,
                5
            ],
            [
                3,
                24
            ]
        ],
        "roc_auc_score": 0.8654970760233919
    }
}